angle,q-value,r-value,s-value,residual
.000000000000000,.5598403908762356,1.271903144386015,2.302802503815359,.5937510373911860E-03
36.00000000000000,.5556006004442350,1.250228062863339,2.337360200021249,.8384776942628716E-03
72.00000000000000,.6220387819037025,1.645774095651313,2.350089739414262,.5153719538869950E-03
108.0000000000000,.6156721965831681,1.601945503576867,2.348441580120127,.8440527632493978E-03
144.0000000000000,.5536201338656083,1.240244410349211,2.330099487277367,.7373446371136980E-03
180.0000000000000,.5589602293879328,1.267369218454421,2.302973998556477,.1374765733868657E-02
216.0000000000000,.5556006004267907,1.250228062775009,2.337360200021249,.8384776942626170E-03
252.0000000000000,.6220387819046385,1.645774095657865,2.350089739414261,.5153719538868116E-03
288.0000000000000,.6156721965831529,1.601945503576764,2.348441580120127,.8440527632495420E-03
324.0000000000000,.5536201339088272,1.240244410566114,2.330099487277366,.7373446371137909E-03
