angle,stress,strain_11,strain_22,strain_33,strain_23,strain_13,strain_12,residual
.000000000000000,2.820345556375571,.8145351929684571,-.4560097008139109,-.3585254921545461,-.4104530902313660E-02,.6955752583122967E-03,-.2488137561538247E-02,.5937510373911860E-03
10.00000000000000,3.092766839193976,.7892123220329554,-.2136621067727933,-.5755502152601619,-.7673874518965645E-02,.5628112594912907E-02,-.5159292185732532E-02,.1807688647127570E-03
20.00000000000000,3.336368270125093,.7263895759754604,-.4029107348991762E-01,-.6860985024855426,-.4223980424357727E-03,-.1775215848923073E-04,.1284664903051019E-02,.4202605590199716E-03
30.00000000000000,3.624075157275738,.6946014873216848,.2436233575511865E-01,-.7189638230768033,.8856051488944809E-03,-.3489519213914123E-02,-.4179905487513566E-03,.6676303201455036E-03
40.00000000000000,3.986543311824950,.6197962834219274,.1503692728149346,-.7701655562368619,.3253933420692721E-02,-.5681446329605802E-02,.6822776685508896E-03,.9990604246920564E-03
50.00000000000000,4.124395132760248,.2653942967888782,.5359844565513580,-.8013787533402360,-.6702573222047101E-03,.5988169337665142E-02,-.1733266907129019E-02,.6644402219539110E-03
59.99999999999999,3.792421409524884,.1653738105859792E-01,.6986410045252847,-.7151783855838825,-.3803466001951393E-02,-.6978237740748791E-02,.3226011939434743E-02,.7789757598044953E-03
70.00000000000000,3.477303687805135,-.5662166236958022E-01,.7336356160604864,-.6770139536909061,-.6278613915343657E-02,-.6927360328777873E-02,.5002903068123367E-02,.6916212463520660E-03
80.00000000000000,3.192930927221695,-.2702084582741137,.8023269862073640,-.5321185279332503,-.1876180104766754E-02,-.6126521879630292E-02,.3644164268507716E-02,.8732650065216218E-03
90.00000000000000,2.874283227722565,-.5060469100325364,.8078099823015235,-.3017630722689869,.8279949624873429E-02,-.7664187023954318E-02,.4690996603046879E-02,.4158717546091895E-03
100.0000000000000,2.589166296660693,-.6192781287537400,.7703001246539175,-.1510219959001774,.6161502763775309E-02,.1463777508281406E-03,.1115129755330456E-01,.1715266356114635E-02
110.0000000000000,2.382385000521110,-.6651275788292733,.7425198368519609,-.7739225802268750E-01,.4303455373136705E-02,.4818320395133866E-02,.9913684507753557E-02,.9867270814099616E-03
120.0000000000000,2.251388902094928,-.6906286998817189,.7224112936424242,-.3178259376070523E-01,.2111477523718065E-02,.4795070993759870E-02,.6666572022842951E-02,.1205362267720670E-02
130.0000000000000,2.188227687175482,-.7037817117312778,.7103036694249535,-.6521957693675668E-02,.3314710264683474E-02,.5427062973083012E-02,.4276848639803136E-02,.1323011598077876E-02
140.0000000000000,2.187338183558886,-.7128823139910763,.7010943358987267,.1178797809234948E-01,.1926146517750817E-02,.6335313808060198E-02,.4409629181540500E-02,.4451116494595533E-03
149.9999999999999,2.248098989325140,-.7273117026155762,.6847955464913185,.4251615612425783E-01,.6991740814254469E-02,.9134887841101702E-02,-.4806149911547219E-03,.9589129028932062E-03
159.9999999999999,2.373929608349985,-.7513554705656937,.6523186355036616,.9903683506203216E-01,.4309614886534754E-02,.6809819859085737E-02,-.1893023055215107E-02,.1258682886723957E-02
169.9999999999999,2.565897728056352,-.7842123404296737,.5885521153468114,.1956602250828622,.1281653824577091E-01,-.1097803464877713E-02,.1332536871066660E-02,.9403633524477462E-03
179.9999999999999,2.820345556375568,-.8145224191348366,.4561570194100477,.3583653997247890,.4116326278558171E-02,-.7731766426433663E-03,.2565030356792324E-02,.5937510373903234E-03
189.9999999999999,3.092766839193973,-.7892123220924656,.2136621068837455,.5755502152087200,.7673873608097851E-02,-.5628111893907217E-02,.5159290325556000E-02,.1807688647126799E-03
199.9999999999999,3.336249879088070,-.7263028901761953,.4010058020572205E-01,.6862023099704733,.3846737078280520E-03,.2281750886098330E-03,-.1011163832372139E-02,.1277622006178267E-02
209.9999999999999,3.624075157275734,-.6946014873236560,-.2436233575147462E-01,.7189638230751305,-.8856051429992361E-03,.3489519204859015E-02,.4179905436685838E-03,.6676303201439794E-03
219.9999999999999,3.986297066757918,-.6197496389480109,-.1504360842891249,.7701857232371357,-.4017439494779848E-02,.5524527586632175E-02,-.2048116456895941E-04,.6100037448131002E-03
229.9999999999999,4.124395132760250,-.2653915478662200,-.5359864820363198,.8013780299025397,.6724456817197474E-03,-.6004284902309264E-02,.1741169759122447E-02,.6644402219512697E-03
239.9999999999999,3.792421409524889,-.1653738105788610E-01,-.6986410045256441,.7151783855835301,.3803466002715198E-02,.6978237740972197E-02,-.3226011940006426E-02,.7789757598019511E-03
249.9999999999999,3.477303687805140,.5662166236553678E-01,-.7336356160586645,.6770139536931276,.6278613915500748E-02,.6927360334142750E-02,-.5002903066666086E-02,.6916212463530383E-03
259.9999999999998,3.192917798666954,.2702885774556472,-.8023196608799545,.5320310834243073,.1387316161754708E-02,.8276899369071777E-02,-.3828153225665158E-02,.9503148511166661E-03
269.9999999999998,2.874283227722569,.5060469100332100,-.8078099823011805,.3017630722679704,-.8279949624486607E-02,.7664187032722158E-02,-.4690996615301235E-02,.4158717546081970E-03
279.9999999999998,2.589349046377047,.6189277828758546,-.7704683689490655,.1515405860732109,-.6216612702702414E-02,.2290926472873227E-03,-.1150967619138113E-01,.9384740319447938E-03
289.9999999999998,2.382305112290512,.6656244821718266,-.7421626737600037,.7653819158817705E-01,-.3017428065303996E-02,-.4487185769689026E-02,-.1053660815394993E-01,.3738770259244024E-03
299.9999999999998,2.251219830467418,.6905922465889349,-.7224374256350417,.3184517904610662E-01,-.2252488115817263E-02,-.4520098742346355E-02,-.7120027172632667E-02,.1401306461798930E-02
309.9999999999998,2.187904283922737,.7038887822981119,-.7102117745214200,.6322992223308154E-02,-.3081198941124720E-02,-.5119535913179610E-02,-.3770304072550021E-02,.1973264884587404E-02
319.9999999999998,2.187338183558886,.7128823139908850,-.7010943358989229,-.1178797809196217E-01,-.1926146517959988E-02,-.6335313808293982E-02,-.4409629181487868E-02,.4451116494608739E-03
329.9999999999998,2.248098989325139,.7273135624534718,-.6847933193665560,-.4252024308691575E-01,-.6991584872300205E-02,-.9134886161801683E-02,.4815296315534851E-03,.9589129028923633E-03
339.9999999999998,2.373929608349983,.7513554705656975,-.6523186355035981,-.9903683506209927E-01,-.4309614889751806E-02,-.6809819859169873E-02,.1893023056021070E-02,.1258682886723842E-02
349.9999999999998,2.565926138820584,.7841911616000495,-.5886065450534098,-.1955846165466396,-.1275792350515752E-01,.1688632603419709E-02,-.9956843104157939E-03,.9348774948206315E-03
